﻿<?xml version="1.0" encoding="utf-8" ?>
<localizationDictionary culture="da">
	<texts>
		<text name="HomePage" value="Hjemmeside" />
		<text name="About" value="Omtrent" />
		<text name="WelcomeMessage" value="Velkomstmeddelelse" />
		<text name="FormIsNotValidMessage" value="Formularen er ugyldig meddelelse" />
		<text name="TenantNameCanNotBeEmpty" value="Tenant skal være udfyldt" />
		<text name="InvalidUserNameOrPassword" value="Fej i brugernavn eller kodeord" />
		<text name="ThereIsNoTenantDefinedWithName{0}" value="Tenant eksisterer ikke" />
		<text name="TenantIsNotActive" value="Tenant er inaktiv." />
		<text name="UserIsNotActiveAndCanNotLogin" value="Bruger er inaktiv og kan ikke logge ind" />
		<text name="UserEmailIsNotConfirmedAndCanNotLogin">Bruger email er ikke aktiveret</text>
		<text name="UserLockedOutMessage">Bruger lukket ude besked</text>
		<text name="PleaseEnterLoginInformation" value="Indtast login information" />
		<text name="TenancyName" value="Tenant navn" />
		<text name="UserNameOrEmail" value="Brugernavn eller Email" />
		<text name="Password" value="Kodeord" />
		<text name="ResetPassword" value="Reset kodeord" />
		<text name="UpdatePassword" value="Opdater kodeord" />
		<text name="RememberMe" value="Husk mig" />
		<text name="LogIn" value="Login" />
		<text name="LoginFailed" value="Fejl i login!" />
		<text name="NameSurname" value="Efternavn" />
		<text name="UserName" value="Brugernavn" />
		<text name="Name" value="Navn" />
		<text name="Surname" value="Efternavn" />
		<text name="EmailAddress" value="Email adresse" />
		<text name="Tenants" value="Tenants" />
		<text name="SavedSuccessfully" value="Gemt..." />
		<text name="CreateNewTenant" value="Opret ny tenant" />
		<text name="AdminEmailAddress" value="Admin Email adresse" />
		<text name="AdminPassword" value="Admin kodeord" />
		<text name="Save" value="Gem" />
		<text name="Cancel" value="Forteryd" />
		<text name="TenantName_Regex_Description" value="Udfyld tenant oplysninger" />
		<text name="DefaultPasswordIs" value="Defalt kodeord er" />
		<text name="CanBeEmptyToLoginAsHost" value="Kan være tomt for at logge ind som host" />
		<text name="Register" value="Registrer" />
		<text name="OrLoginWith" value="eller login med" />
		<text name="WaitingForActivationMessage" value="Venter på aktiveringsbesked" />
		<text name="TenantSelection" value="Tenant sektion" />
		<text name="TenantSelection_Detail" value="Tenant detaljer" />
		<text name="Logout" value="Log ud" />
		<text name="RegisterFormUserNameInvalidMessage">Registrer form ukendt fejl.</text>
		<text name="DatabaseConnectionString" value="DatabaseConnectionString" />
		<text name="Users" value="Brugere" />
		<text name="IsActive" value="Er aktiv" />
		<text name="FullName" value="Fulde navn" />
		<text name="CreateNewUser" value="Opret ny bruger" />
		<text name="Yes" value="Ja" />
		<text name="No" value="Nej" />
		<text name="Optional" value="Optional" />
		<text name="LeaveEmptyToSwitchToHost">Behold tom for at skifte host</text>
		<text name="CurrentTenant">Nuværende tenant</text>
		<text name="NotSelected">Ikke valgt</text>
		<text name="Change">Veksle</text>
		<text name="ChangeTenant">Skift tenant</text>
		<text name="MultiLevelMenu">MultiNiveauMenu</text>
		<text name="Back">Tilbage</text>
		<text name="SuccessfullyRegistered">Suggesfuldt gemt</text>
		<text name="WaitingForEmailActivation">Afventer Email aktivering</text>
		<text name="Roles">Roller</text>
		<text name="DisplayName">Vis navn</text>
		<text name="Edit">Ret</text>
		<text name="Delete">Slet</text>
		<text name="CreateNewRole">Opret ny rolle</text>
		<text name="RoleName">Rollenavn</text>
		<text name="Actions">Aktion</text>
		<text name="CouldNotCompleteLoginOperation">Kunne ikke gennemføre login.</text>
		<text name="CouldNotValidateExternalUser">Kunne ikke validere slutbruger</text>
		<text name="EditRole">Ret rolle</text>
		<text name="EditTenant">Ret tenant</text>
		<text name="EditUser">Ret bruger</text>
		<text name="TenantIdIsNotActive{0}">Tenant er ikke aktiv</text>
		<text name="UnknownTenantId{0}">Tenant {0} ukendt</text>
		<text name="ThisFieldIsRequired">dette felt er krævet</text>
		<text name="PleaseWait">Vent venligst...</text>
		<text name="Administration">Administration</text>
		<text name="ClearAll">Slet alt</text>
		<text name="ClearOthers">Slet andre</text>
		<text name="LabelOptions">Felt muligheder</text>
		<text name="Permissions">Rettigheder</text>
		<text name="RoleDescription">Rollebeskrivelse</text>
		<text name="Refresh">Opdater</text>
		<text name="Create">Opret</text>
		<text name="UserDetails">Bruger detaljer</text>
		<text name="UserRoles">Brugerrolle</text>
		<text name="ConfirmPassword">Bekræft kodeord</text>
		<text name="Version">Version</text>
		<text name="On">Aktiv</text>
		<text name="Off">Inaktiv</text>
		<text name="AreYouSureWantToDelete">Er du sikker på du vil slette {0}?</text>
		<text name="SuccessfullyDeleted">Succesfuld sletning</text>
		<text name="StartTyping">Start med at skrive</text>
		<text name="Skins">Skins</text>
		<text name="Settings">Indstillinger</text>
		<text name="Filter">Filter</text>
		<text name="CurrentPassword">Nuværende kodeord</text>
		<text name="NewPassword">Nyt kodeord</text>
		<text name="ConfirmNewPassword">Bekræft nyt kodeord</text>
		<text name="PasswordsDoNotMatch">Kodeord forkert</text>
		<text name="PasswordsMustBeAtLeast8CharactersContainLowercaseUppercaseNumber">Kodeord skal være mindst 8 karakterer og både store og små bogstaver.</text>
		<text name="UserDeleteWarningMessage">Brugere {0} slette advarsel.</text>
		<text name="RoleDeleteWarningMessage">Rolle {0} slette advarsel.</text>
		<text name="TenantDeleteWarningMessage">Advarsel om at tenant {0} slettes.</text>
		<text name="SearchWithThreeDot">Søg...</text>
		<text name="PleaseEnterAtLeastNCharacter">Indtast mindst {0} karakterer.</text>
		<text name="PleaseEnterNoMoreThanNCharacter">Indtast mere end {0} karakterer.</text>
		<text name="InvalidEmailAddress">Forkert Email adresse.</text>
		<text name="InvalidPattern">Forkert mønster</text>
		<text name="PairsDoNotMatch">Ingen matcher</text>
		<text name="All">Ialt</text>
		<text name="TotalRecordsCount">Antal rækker: {0}</text>
		<text name="Search">Søg</text>
		<text name="Clear">Ryd</text>
		<text name="ResetPasswordStepOneInfo">1. step ved sletning af kodeord</text>
		<text name="ResetPasswordStepTwoInfo">2. step ved sletning af kodeord</text>
		<text name="Customers">Kunder</text>
		<text name="Activities">Aktiviteter</text>
		<text name="RememberReport">Reminder rapport</text>
		<text name="Calender">Kalender</text>
		<text name="UserType">Brugertype</text>
		<text name="Username">Brugernavn</text>
		<text name="Fullname">Fuldt navn</text>
		<text name="Emailaddress">E-mailadresse</text>
		<text name="Isactive">Er aktiv</text>
		<text name="ViewActivities">Vis aktiviteter</text>
		<text name="Employee">Vis Ansat</text>
		<text name="Date">Dato</text>
		<text name="Type">Slags</text>
		<text name="Kind">Slags</text>
		<text name="FollowUpType">Opfølgningstype</text>
		<text name="FollowUpDate">Opfølgningsdato</text>

	</texts>
</localizationDictionary>
